,model_name
0,1 1/8GB Bluish Black (5033D-2JALUAA)
1,1 5033D 1/16GB Volcano Black (5033D-2LALUAF)
2,1 5033D 1/16GB Volcano Black (5033D-2LALUAF)
3,1 5033D 1/16GB Volcano Black (5033D-2LALUAF)
4,1.3 1/16GB Charcoal
5,10 6/64GB Black
6,10 Lite 3/32GB Blue
7,10 Lite 4/64GB Black
8,10 lite 3/128GB Blue
9,10 lite 3/64GB Black
10,10 lite 3/64GB Black
11,10 lite 3/64GB Blue
12,10i 4/128GB Black (51093VQV)
13,10i 4/128GB Blue (51093VQX)
14,15 4/128GB Black
15,15 4/64GB Black
16,15 4/64GB Black
17,15 4/64GB Black
18,15 Plus 6/64GB Black
19,15 Plus 6/64GB Gray
20,15 Plus 6/64GB Gray
21,16 6/128GB Black
22,16 6/64GB Black
23,16X 6/128GB Dual Purple
24,16Xs 6/128GB Pearl White
25,16th 6/64GB Black
26,1B 5002H Pine Green (5002H-2BALUA12)
27,1B 5002H Prime Black (5002H-2AALUA12)
28,1SE 3/32GB Power Gray (5030D-2AALUA2)
29,1SE 4/128GB Agate Green (5030E-2BALUA2)
30,1SE 4/128GB Agate Green (5030E-2BALUA2)
31,2.2 2/16GB Black
32,2.3 2/32GB Green
33,2.4 2/32GB Charcoal
34,20 6/128GB Black
35,2720 Flip Black (16BTSB01A10)
36,3 Pro 6/128GB Nitro Blue
37,3 Pro 6/128GB Nitro Blue
38,3.4 3/64GB Charcoal
39,3T 128GB (Gunmetal)
40,3T 128GB (Gunmetal)
41,3T 64GB (Gunmetal)
42,3X 5048Y Black (5048Y-2AALWE12)
43,40 Neon
44,40 Neon
45,5 4/128GB Violet
46,5 6/64GB Black
47,5 6/64GB Slate Grey
48,5 Pro 8/128GB Green
49,5 Pro 8/128GB Green
50,5 Pro 8/128GB Green
51,5.3 4/64GB Charcoal
52,5.4 4/128GB Polar Night
53,5i 4/64GB Green
54,6 4/128GB Blue
55,6 4/64GB Blue
56,6 64GB Black
57,6 64GB Silver
58,6 8/128GB Blue
59,6 Pro 8/128GB Blue
60,6.1 4/32GB Black
61,6.1 4/64GB Black
62,6.1 Plus 4/64GB Blue
63,6S 4/64GB Eclipse Black
64,6S 4/64GB Eclipse Black
65,6S 6/128GB Lunar White
66,6T 8/256GB Midnight Black
67,6i 3/64GB White
68,6i 4/128GB Green
69,7 16GB (Gold)
70,7 16GB (Gold)
71,7 16GB (Gold)
72,7 6/64GB Mist Blue
73,7 8/256GB Mirror Gray
74,7 Plus 4/64GB Black
75,7 Pro 8/128GB Mirror Blue
76,8 12/256GB Onyx Black
77,8 3/32GB Blue
78,8 4/64GB (Blue)
79,8 8/128GB Onyx Black
80,8 Dual SIM Silver
81,8 Pro 12/256GB Glacial Green
82,8 Pro 8/128GB Onyx Black
83,8.3 5G 8/128GB Polar Night
84,8A 2/32GB Gold
85,8A 3/64GB Blue
86,8A 3/64GB Blue
87,8S 2/32GB Black (51093ULM)
88,8S 2/32GB Black (51093ULM)
89,8T 12/256GB Cyberpunk 2077 Limited Edition
90,8T 12/256GB Lunar Silver
91,8T 8/128GB Aquamarine Green
92,8x Max 4/64GB Black
93,8x Max 4/64GB Black
94,8x Max 4/64GB Blue
95,9 4/64GB Dual Blue
96,9 Lite 3/32GB Midnight Black
97,9i 3/32GB Black
98,9i 3/32GB Black
99,9i 4/64GB Blue
100,9i 4/64GB Blue
101,9x 4/128GB Black
102,A10 6/128GB Black
103,A12 3/32GB Black
104,A12 4/64GB Blue
105,A30 2/16GB Black
106,A30 2/16GB Black
107,A31 4/64GB Mystery Black
108,A5 2020 3/64GB Black
109,A50 GRANITE 2/16GB Black
110,A512 Harmony Pro DS Black
111,A52 4/64GB Twilight Black
112,A53 4/128GB Electric Black
113,A53 4/64GB Black
114,A5L+ 2/16GB Grey
115,A5s 3/32Gb Blue
116,A60 1/16GB Black
117,A60 Plus 4/64GB Black
118,A60 Pro 3/16GB Black
119,A7 2/32GB L19111 Blue
120,A7 Pro 4/128GB Black
121,A7 Pro 4/128GB Black
122,A7 Pro 4/64GB Black
123,A72 4/128GB Aurora Purple
124,A73 4/128GB Navy Blue
125,A7S 2/32GB Black
126,A8 3/32GB Black
127,A80 2/16GB Red
128,A80 Pro 4/64GB Black
129,A9 2020 4/128GB Marine Green
130,A9 2020 4/128GB Space Purple
131,A9 4/32GB Black
132,A9 4/64GB Black
133,A91 8/128GB Black
134,Action-X3 3/32GB Black
135,Aquos D10 4/64GB Black
136,Armor 10 5G 8/128GB Black
137,Armor 3W 6/64GB Black
138,Armor 3WT 6/64GB Black
139,Armor 7E 4/128GB Black
140,Armor 7E 4/128GB Black
141,Armor 8 4/64GB Black (6937748733744)
142,Armor 9 8/128GB Black (6937748733515)
143,Armor 9E 8/128GB Black (6937748733805)
144,Armor 9E 8/128GB Black (6937748733805)
145,Armor X3 2/32GB Black
146,Armor X5 3/32GB Red (6937748733256)
147,Armor X5 Pro 4/64GB Black (6937748733829)
148,Armor X6 2/16GB Orange
149,Armor X7 2/16GB Orange
150,Armor X7 Pro 4/32GB Black
151,Armor X8 4/64GB Black
152,B1P DS Champagne Gold
153,B1P DS Champagne Gold
154,B505 Unit 4G Dual Sim Black
155,BL5000 Black (6924351609900)
156,BL5000 Black (6924351609900)
157,BL5500 Lite 2/16GB Dual Sim Gold
158,BV4900 3/32GB Black
159,BV4900 Pro 4/64GB Orange
160,BV5100 4/128GB Green
161,BV5100 Pro 4/128GB Black
162,BV5500 2/16GB Black
163,BV5500 Plus 3/32GB Black
164,BV5500 Pro 3/16GB Black
165,BV5500 Pro 3/16GB Black
166,BV5800 Pro 2/16GB Black
167,BV5900 3/32GB Black
168,BV6100 3/16GB Black
169,BV6300 3/32GB Black
170,BV6300 Pro 6/128GB Black
171,BV6800 Pro 4/64GB Black
172,BV6900 4/64GB Black
173,BV8000 Pro Lion Gold
174,BV8000 Pro Lion Gold
175,BV9100 4/64GB Black
176,BV9500 Black
177,BV9500 Plus 4/64GB Black
178,BV9500 Pro 6/128GB Black
179,BV9600 4/64GB Silver
180,BV9600 4/64GB Silver
181,BV9600 Pro 6/128GB Black
182,BV9600 Pro 6/128GB Black
183,BV9600E 4/128GB Grey
184,BV9700 Pro 6/128GB Black
185,BV9700 Pro 6/128GB Black + Night Vision Camera
186,BV9800 6/128Gb Black
187,BV9800 6/128Gb Black
188,BV9800 Pro 6/128GB Orange
189,BV9900 8/256GB Black
190,BV9900 Pro 8/128GB Gray
191,BV9900E 6/128GB Black
192,Bison 6/128GB Red
193,Black Shark 2 Pro 8/128GB Black
194,Black Shark 2 Pro 8/128GB Iceberg Grey
195,Black Shark 3 12/256GB Black
196,Black Shark 3 8/128GB Black
197,Black Shark 8/128GB Black
198,Blade 20 Smart 4/128GB Gradient Green
199,Blade A3 2020 1/32GB Blue
200,Blade A3 2020 1/32GB Grey
201,Blade A3 2020 1/32GB Red
202,Blade A5 2/16GB Black
203,Blade A5 2/16GB Blue
204,Blade A5 2/16GB Blue
205,Blade A5 2/32GB Black
206,Blade A5 2/32GB Blue
207,Blade A5 2020 2/32GB Black
208,Blade A7 2019 2/32GB Black
209,Blade A7 2020 2/32GB Gradient
210,Blade A7 2020 3/64GB Gradient
211,Blade A7S 2/64GB Blue
212,Blade L210 1/32GB Black
213,Blade L210 1/32GB Blue
214,Blade L210 1/32GB Blue
215,Blade L8 1/16GB Black
216,Blade L8 1/16GB Blue
217,Blade V2020 Smart 4/128GB Grey
218,Blade V2020 Smart 4/64GB Grey
219,C11 2/32GB Green
220,C11 2/32GB Grey
221,C18 Pro 4/64GB Purple
222,C19 2/16GB Black
223,C19 2/16GB Gradient Blue
224,C2 2/32GB Diamond Black
225,C21 4/64GB Black
226,C3 2/32GB Blue
227,C3 2/32GB Red
228,C3 3/32GB Red
229,C3 3/64GB Blue
230,C30 8/128GB Black
231,C552 Black
232,C552 Red
233,C9 2/16GB Black
234,C9 Pro 3/32GB Black
235,C9 Pro 3/32GB Black
236,CORE-X3 2/16GB Dark Blue
237,Camon 12 Air CC6 Alpenglow Gold
238,Camon 12 CC7 Dark Jade
239,Camon 15 4/64GB Dark Jade (4895180755057)
240,Camon 15 CD7 4/128GB Fascinating Purple (4895180759550)
241,Cool Play 6 6/64GB Black
242,Cool Play 6 6/64GB Black
243,Core 50 16GB Red
244,D6 Pro 2/16GB Black
245,D6 Pro 2/16GB Black
246,D855 G3 32GB (Silk White)
247,D858 G3 Dual (Metallic Black)
248,Droid Turbo 2 32GB (Ballistic Nylon Black)
249,Droid Turbo 2 32GB (Ballistic Nylon Black)
250,E450A 2018 DualSim Black
251,E450R DualSim Gray
252,E500A 2019 DualSim Black
253,E6 Plus 4/64GB Polish Grey
254,E6 Plus XT2025-2 4/64GB Blue
255,E6S 4/64 GB Meteor Grey (PAJE0031RS)
256,E7 Plus 4/64GB Misty Blue (PAKX0008RS)
257,Edge 5G 6/128GB Dual Black (XT2063-3)
258,F534L 2018 DualSim Black
259,F534L 2018 DualSim Gold
260,F572L 2018 DualSim Red
261,F572L 2018 DualSim Silver
262,Find X2 12/256GB Ocean Black
263,Find X2 Pro 12/512GB Orange
264,G6 32GB Black (H870S.ACISBK)
265,G6 64GB Black (LGH870DS.ACISBK)
266,G6 64GB Platinum (LGH870DS.ACISPL)
267,G6 G600L 4/64GB Black
268,G6 G600L 4/64GB Black
269,G6 G600L 4/64GB Platinum
270,G6 Plus 128GB Gold
271,G6 Plus 128GB Gold
272,G7 4/64GB Ceramic Black (XT1962-6)
273,G7 ThinQ 4/64GB Aurora Black (LMG710EMW.ACISBK)
274,G7 ThinQ 4/64GB Moroccan Blue (LMG710EMW.ACISBL)
275,G7 ThinQ 4/64GB Platinum Gray
276,G7 ThinQ 4/64GB Raspberry Rose
277,G8 Power 4/64GB Dual Sim Black (PAHF0007RS)
278,G8 Power Lite 4/64GB Royal Blue (PAJC0017RS)
279,G8 ThinQ 6/128GB Black
280,G8X ThinQ 6/128GB Aurora Black
281,G8s ThinQ 6/128GB White
282,G9 Play 4/64GB Sapphire Blue (PAKK0016RS)
283,G9 Plus 4/128GB Navy Blue (PAKM0019RS)
284,G920F Galaxy S6 32GB (White Pearl)
285,G925F Galaxy S6 Edge 32GB (White Pearl)
286,G935FD Galaxy S7 Edge 32GB Gold (SM-G935FZDU)
287,Galaxy A01 2/16GB Black (SM-A015FZKD)
288,Galaxy A01 Core 1/16GB Black (SM-A013FZKD)
289,Galaxy A02s 3/32GB Blue (SM-A025FZBE)
290,Galaxy A10s 2019 SM-A107F 2/32GB Black (SM-A107FZKD)
291,Galaxy A11 2/32GB Black (SM-A115FZKN)
292,Galaxy A12 SM-A125F 3/32GB Black (SM-A125FZKUSEK)
293,Galaxy A12 SM-A125F 4/64GB Black (SM-A125FZKVSEK)
294,Galaxy A2 Core 2019 SM-A260 1/16GB Blue
295,Galaxy A2 Core 2019 SM-A260 1/16GB Blue
296,Galaxy A20e SM-A202F 3/32GB Black SM-A202FZKD
297,Galaxy A20e SM-A202F 3/32GB White (SM-A202FZWD)
298,Galaxy A20s 2019 A207F 3/32GB Black (SM-A207FZKD)
299,Galaxy A21s 3/32GB Black (SM-A217FZKN)
300,Galaxy A30s 3/32GB Black (SM-A307FZKU)
301,Galaxy A30s 4/128GB White
302,Galaxy A30s 4/128GB White
303,Galaxy A30s 4/64GB Green (SM-A307FZGV)
304,Galaxy A31 4/128GB Black (SM-A315FZKV)
305,Galaxy A31 4/64GB Black (SM-A315FZKU)
306,Galaxy A41 4/64GB Black (SM-A415FZKD)
307,Galaxy A50 2019 SM-A505F 4/128GB Black
308,Galaxy A50 2019 SM-A505F 4/64GB Blue (SM-A505FZBU)
309,Galaxy A50 2019 SM-A505F 6/128GB Blue (SM-A505FZBQ)
310,Galaxy A50s 2019 SM-A507FD 6/128GB Black
311,Galaxy A50s 2019 SM-A507FD 6/128GB Black
312,Galaxy A50s 2019 SM-A507FD 6/128GB Black
313,Galaxy A50s SM-A5070 6/128GB Prism Crush Green
314,Galaxy A51 2020 4/64GB Black (SM-A515FZKU)
315,Galaxy A51 2020 6/128GB Blue (SM-A515FZBW)
316,Galaxy A51 SM-A515F 2020 8/128GB Blue
317,Galaxy A51 SM-A515F 4/128GB Black
318,Galaxy A51 SM-A515F 6/128GB Metallic Silver (SM-A515FMSW)
319,Galaxy A6+ 3/32GB Gold (SM-A605FZDN)
320,Galaxy A6+ 3/32GB Lavender
321,Galaxy A6+ 4/32GB Gold
322,Galaxy A7 2018 4/64GB Black (SM-A750FZKU)
323,Galaxy A7 2018 4/64GB Blue (SM-A750FZBU)
324,Galaxy A70 2019 SM-A7050 6/128GB Black
325,Galaxy A70 2019 SM-A7050 6/128GB Blue
326,Galaxy A70 2019 SM-A7050 6/128GB Blue
327,Galaxy A70 2019 SM-A7050 6/128GB Blue
328,Galaxy A70 2019 SM-A705F 6/128GB Black (SM-A705FZKU)
329,Galaxy A71 2020 6/128GB Black (SM-A715FZKU)
330,Galaxy A71 2020 SM-A715F 8/128GB Blue
331,Galaxy A8+ 2018 32GB Gold (SM-A730FZDD)
332,Galaxy A8+ 2018 32GB Orchid Gray (SM-A730FZVD)
333,Galaxy A8+ 2018 32GB Orchid Gray (SM-A730FZVD)
334,Galaxy A8+ 2018 4/64GB Orchid Gray
335,Galaxy A80 2019 8/128GB Black (SM-A805FZKD)
336,Galaxy A80 2019 A8050 8/128GB Black
337,Galaxy A9 2018 6/128Gb Blue (SM-A920FZBD)
338,Galaxy Fold 12/256GB Black
339,Galaxy Fold 12/512GB Black (SM-F900FZKD)
340,Galaxy Fold 5G SM-F907B 12/512GB Black
341,Galaxy Fold 5G SM-F907B 12/512GB Silver
342,Galaxy J6 2018 2/32GB Gold (SM-J600FZDD)
343,Galaxy M10 SM-M105F 2/16GB Black (SM-M105GDAG)
344,Galaxy M10 SM-M105F 2/16GB Black (SM-M105GDAG)
345,Galaxy M10 SM-M105F 2/16GB Black (SM-M105GDAG)
346,Galaxy M10 SM-M105F 3/32GB Black
347,Galaxy M10 SM-M105F 3/32GB Black
348,Galaxy M10 SM-M105F 3/32GB Blue
349,Galaxy M10S M107F 3/32GB Black
350,Galaxy M115 M11 3/32 Black (SM-M115FZKN)
351,Galaxy M21 4/64GB Black (SM-M215FZKU)
352,Galaxy M30 SM-M305F 4/64GB Gradation Blue
353,Galaxy M31 6/128GB Black (SM-M315FZKU)
354,Galaxy M31s 6/128GB Blue (SM-M317FZBN)
355,Galaxy M51 6/128GB Black (SM-M515FZKD)
356,Galaxy Note 10 SM-N9700 8/256GB Black (SM-N9700ZKD)
357,Galaxy Note 10 SM-N9700 8/256GB White
358,Galaxy Note 10 SM-N970F 8/256GB Black (SM-N970FZKD)
359,Galaxy Note 10+ SM-N9750 12/256GB Aura Glow
360,Galaxy Note 10+ SM-N9750 12/512GB Black
361,Galaxy Note 10+ SM-N975F 12/256GB Black (SM-N975FZKD)
362,Galaxy Note 10+ SM-N975F 12/512GB Aura Black
363,Galaxy Note 8 64GB Gold
364,Galaxy Note 8 N950F Single sim 128GB Black
365,Galaxy Note 8 N950F Single sim 128GB Black
366,Galaxy Note 9 N960 6/128GB Metallic Copper
367,Galaxy Note 9 N960 8/512GB Lavender Purple
368,Galaxy Note 9 N960 8/512GB Lavender Purple
369,Galaxy Note 9 N960 8/512GB Lavender Purple
370,Galaxy Note 9 N960 8/512GB Metallic Copper
371,Galaxy Note 9 N960 8/512GB Midnight Black
372,Galaxy Note 9 N960 8/512GB Ocean Blue (SM-N960FZBH)
373,Galaxy Note10 Lite SM-N770F Dual 6/128GB Black (SM-N770FZKD)
374,Galaxy Note10 Lite SM-N770F Dual 8/128GB Black (SM-N770FZKU)
375,Galaxy Note20 5G N9810 8/256GB Mystic Gray
376,Galaxy Note20 5G SM-N981B 8/256GB Mystic Bronze
377,Galaxy Note20 SM-N980F 8/256GB Mystic Green (SM-N980FZGG)
378,Galaxy Note20 Ultra 5G SM-N9860 12/256GB Mystic Black
379,Galaxy Note20 Ultra 5G SM-N986B 12/256GB Mystic Black
380,Galaxy Note20 Ultra 5G SM-N986B 12/512GB Mystic Black (SM-N986BZKH)
381,Galaxy Note20 Ultra SM-N985F 8/256GB Mystic Bronze (SM-N985FZNG)
382,Galaxy S10 Lite SM-G770 6/128GB Black (SM-G770FZKG)
383,Galaxy S10 Lite SM-G770 8/128GB Black
384,Galaxy S10 SM-G973 DS 128GB Green (SM-G973FZGD)
385,Galaxy S10 SM-G973 DS 512GB Black
386,Galaxy S10 SM-G9730 DS 128GB Black
387,Galaxy S10+ SM-G975 DS 128GB Black (SM-G975FZKD)
388,Galaxy S10+ SM-G975 DS 1TB Black (SM-G975FCKH)
389,Galaxy S10+ SM-G975 DS 1TB Ceramic White (SM-G975FCWH)
390,Galaxy S10+ SM-G975 DS 512GB Black (SM-G975FCKG)
391,Galaxy S10+ SM-G975 DS 512GB White (SM-G975FCWG)
392,Galaxy S10+ SM-G975 SS 512GB White
393,Galaxy S10+ SM-G975 SS 512GB White
394,Galaxy S10+ SM-G9750 DS 128GB Black
395,Galaxy S10+ SM-G9750 DS 128GB Black
396,Galaxy S10+ SM-G9750 DS 1TB Black
397,Galaxy S10e SM-G970 DS 128GB Black (SM-G970FZKD)
398,Galaxy S10e SM-G9700 DS 128GB Black
399,Galaxy S20 5G SM-G981 12/128GB Cosmic Gray
400,Galaxy S20 5G SM-G9810 12/128GB Cloud Pink
401,Galaxy S20 FE 5G SM-G7810 8/128GB Cloud Navy
402,Galaxy S20 FE 5G SM-G7810 Dual 8/256GB Cloud Navy
403,Galaxy S20 FE 5G SM-G781B 6/128GB Cloud Red
404,Galaxy S20 FE 5G SM-G781B 8/128GB Cloud Red
405,Galaxy S20 FE SM-G780F 6/128GB Blue (SM-G780FZBD)
406,Galaxy S20 FE SM-G780F 6/256GB Cloud Navy
407,Galaxy S20 FE SM-G780F 8/128GB Cloud Navy
408,Galaxy S20 FE SM-G780F 8/256GB Blue (SM-G780FZBH)
409,Galaxy S20 SM-G980 8/128GB Grey (SM-G980FZAD)
410,Galaxy S20 Ultra 5G SM-G9880 12/256GB Cosmic Gray
411,Galaxy S20 Ultra 5G SM-G988B 12/128GB Black
412,Galaxy S20 Ultra SM-G988 128GB Grey (SM-G988BZAD)
413,Galaxy S20+ 5G SM-G9860 12/128GB Cosmic Black
414,Galaxy S20+ 5G SM-G9860 8/128GB Gray
415,Galaxy S20+ 5G SM-G9860 8/128GB Gray
416,Galaxy S20+ 5G SM-G986B 12/128GB Black
417,Galaxy S20+ 5G SM-G986F-DS 12/128GB Black
418,Galaxy S20+ LTE SM-G985 Dual 8/128GB Black (SM-G985FZKD)
419,Galaxy S21 8/128GB Phantom Grey (SM-G991BZADSEK)
420,Galaxy S21 8/256GB Phantom Grey (SM-G991BZAGSEK)
421,Galaxy S21 Ultra 12/128GB Phantom Black (SM-G998BZKDSEK)
422,Galaxy S21 Ultra 12/256GB Phantom Black (SM-G998BZKGSEK)
423,Galaxy S21 Ultra 16/512GB Phantom Black (SM-G998BZKHSEK)
424,Galaxy S21+ 8/128GB Phantom Black (SM-G996BZKDSEK)
425,Galaxy S21+ 8/256GB Phantom Black (SM-G996BZKGSEK)
426,Galaxy S7 G930F 32GB (Black)
427,Galaxy S7 G930F 32GB (Gold)
428,Galaxy S8 64GB Blue
429,Galaxy S8 G950F Single Sim 64GB Black
430,Galaxy S8+ 64GB Black (SM-G955FZKD)
431,Galaxy S8+ SM-G955U 64GB Black
432,Galaxy S9 SM-G960 DS 128GB Black (SM-G960FZKG)
433,Galaxy S9 SM-G960 DS 128GB Black (SM-G960FZKG)
434,Galaxy S9 SM-G960 DS 128GB Black (SM-G960FZKG)
435,Galaxy S9 SM-G960 DS 128GB Blue
436,Galaxy S9 SM-G960 DS 128GB Blue
437,Galaxy S9 SM-G960 DS 128GB Grey (SM-G960FZAG)
438,Galaxy S9 SM-G960 DS 128GB Purple (SM-G960FZPG)
439,Galaxy S9 SM-G960 DS 64GB Black (SM-G960FZKD)
440,Galaxy S9 SM-G960U1 128GB Purple
441,Galaxy S9+ SM-G965 DS 128GB Black
442,Galaxy S9+ SM-G965 DS 128GB Blue
443,Galaxy S9+ SM-G965 DS 128GB Grey
444,Galaxy S9+ SM-G965 DS 128GB Purple
445,Galaxy S9+ SM-G965 DS 256GB Black (SM-G965FZKH)
446,Galaxy S9+ SM-G965 DS 64GB Black (SM-G965FZKD)
447,Galaxy Z Flip 5G SM-F707 8/256GB Mystic Bronze
448,Galaxy Z Flip SM-F700 8/256GB Mirror Purple (SM-F700FZPD)
449,Galaxy Z Fold2 12/256GB Mystic Black (SM-F916BZKQ)
450,H791 Nexus 5X 32GB (Mint)
451,H791 Nexus 5X 32GB (Mint)
452,H990 V20 Dual 64GB (Black)
453,H990 V20 Dual 64GB (Silver)
454,Hammer Energy Black
455,K10 Note 4/64GB Black
456,K10 Note 6/128GB Louise Lake
457,K12 6/64 Black
458,K12 6/64 Black
459,K13 4/64GB Black
460,K13 4/64GB Black
461,K13 4/64GB Pro Black
462,K13 Pro Leather Black
463,K5 Pro 4/64GB Black
464,K9 4/64 Black
465,KEYone
466,King Kong CS
467,King Kong CS
468,King Kong CS
469,Kingkong mini 3/32GB Red
470,Kingkong mini 3/32GB Yellow
471,Lumia 925 (Black)
472,Lumia 925 (White)
473,Lumia 925 (White)
474,M10 2/32GB Black
475,M10 2/32GB Red
476,M10 3/32GB Black
477,M10 3/32GB Blue
478,M5 Black
479,M6 Note 3/16GB Black
480,M6T 2/16GB Black
481,M6T 3/32GB Blue
482,M8 4/64GB Black
483,M8 4/64GB Blue
484,MIX 2 6/64GB Black
485,Mate 10 6/128GB Gold
486,Mate 10 6/256GB Porsche Design
487,Mate 20 DS 6/64GB Black
488,Mate RS Porsche Design 6/256GB Black
489,Mi 10 Lite 6/128GB Cosmic Grey
490,Mi 10 Lite 6/64GB Cosmic Grey
491,Mi 10 Lite 8/256GB Dream White
492,Mi 10 Pro 8/256GB Gray
493,Mi 10T 6/128GB Cosmic Black
494,Mi 10T 8/128GB Cosmic Black
495,Mi 10T Lite 6/128GB Pearl Gray
496,Mi 10T Lite 6/64GB Pearl Gray
497,Mi 10T Pro 8/128GB Cosmic Black
498,Mi 10T Pro 8/256GB Cosmic Black
499,Mi Max 2 4/64GB Black
500,Mi Note 10 Lite 6/64GB Purple
501,Mi5 3/32GB Gold
502,Mix 2 M2 4/64GB Black
503,Mix 2 M2 4/64GB Blue
504,Mobile GM8 Space Gray
505,Moto C Plus XT1723 16GB Gold (PA800126UA)
506,Moto E4 (XT1762) Metallic Iron Gray (PA750058UA)
507,Moto E5 Plus XT1924-1 DualSim Black (PABA0014UA)
508,Moto E5 XT1944 16GB black
509,Moto G5 2/16GB Gold (PA610071UA)
510,Moto G5s (XT1794) Lunar Gray (PA7W0024UA)
511,Moto G5s (XT1794) Lunar Gray (PA7W0024UA)
512,Moto G5s XT1799 4/64GB Black (PA930008CN)
513,Moto G5s XT1799 4/64GB Black (PA930008CN)
514,Moto G6 Play XT1922-5 Dual Sim 32GB Indigo Blue
515,Moto G6 Plus XT1926 Dual Sim 64GB Indigo Blue
516,Moto G7 Play XT1952-2 Dual Sim 2/32GB Deep Indigo
517,Moto G7 Power XT1955-4 4/64GB Ceramic Black
518,Moto G7 Power XT1955-4 4/64GB Ceramic Black
519,Moto G8 4/64GB Blue (PAHL0004RS)
520,Moto G8 4/64GB Blue (PAHL0004RS)
521,Moto G8 4/64GB White (PAHL0010RS)
522,Moto G8 4/64GB White (PAHL0010RS)
523,Moto G8 Plus XT2019-1 4/64GB Dual Sim Cosmic Blue (PAGE0015RS)
524,Moto G9 Power 4/128GB Gray (PALR0020RS)
525,Moto M Grey (PA5D0075UA)
526,Moto X (2nd. Gen) (Black) 16GB
527,Moto X Force (Black)
528,Moto X4 3/32GB Black (PA8X0004UA)
529,Moto Z 32GB Black (SM4389AE7U1)
530,Moto Z 32GB Black (SM4389AE7U1)
531,Moto Z 32GB Black (SM4389AE7U1)
532,Moto Z 32GB White/Gold (SM4389AD1U1)
533,Moto Z2 Force 6/64GB Black (PA900007UA)
534,Moto Z2 Force SS 4/64GB Fine Gold
535,Moto Z2 Play Fine Gold (SM4482AJ1K7)
536,Moto Z2 Play Lunar Grey (SM4482AC3K7)
537,Moto Z3 Play 4/64GB Deep Indgo
538,Moto Z4 4/128GB Flash Gray
539,Moto Z4 4/128GB Flash Gray
540,N1-550 Cruiser Dual Sim Black
541,N1-550 Cruiser Dual Sim Black
542,N10 3/32GB Purple
543,N20 4/64GB Black
544,N20 Pro 6/128GB Green
545,N30 4/128GB Dreamy Blue
546,N30 4/128GB Dreamy Blue
547,N920C Galaxy Note 5 32GB (Gold Platinum)
548,Nexus 6 32GB (Cloud White)
549,Nord 12/256GB Gray Onyx
550,Nord 8/128GB Gray Onyx
551,Nord N10 5G 6/128GB Midnight Ice
552,Nord N100 4/64GB Midnight Frost
553,Note 20 Pro 6/128GB Black
554,Note 20 Pro 8/128GB Black
555,Note 7P 3/32GB Twilight
556,Note 7P 3/32GB Twilight
557,Note 8P 2/16GB Black
558,Note 8P 2/16GB Midnight Green
559,Note 8P 2/16GB Midnight Green
560,Note 9 4/64GB Black
561,Nova 4 8/128GB Black
562,Nubia Z17 8/64GB Black
563,Nubia Z17 8/64GB Black
564,One Action 4/128GB XT2013-2 Blue
565,One Action 4/128GB XT2013-2 White
566,One Fusion 4/64GB Deep Sapphire Blue
567,One Fusion+ 6/128GB Blue (PAJW0006RS)
568,One Hyper XT2027-1 4/128GB Deep Sea Blue
569,One Macro XT2016-1 4/64GB Blue
570,One Power XT1942-1 4/64GB Dual Sim Black
571,One Vision 4/128GB Bronze
572,One Vision 4/128GB Sapphire Blue
573,One XT1941-4 4/64GB Dual Sim Black
574,One Zoom 4/128GB Grey
575,One Zoom 4/128GB Purple
576,P Smart 2020 4/128GB Emerald Green
577,P Smart Pro 6/128GB Midnight Black (51094UVB)
578,P Smart S 4/128GB Breathing Crystal (51095HVM)
579,P smart 2019 3/64GB Black (51093FSW)
580,P smart 2021 4/128GB Midnight Black (51096ABV)
581,P smart Z 4/64GB Emerald Green (51093WVK)
582,P smart+ 4/64GB Black (51092TFB)
583,P30 4/64GB Black
584,P30 6/128GB Black (51093NDK)
585,P30 8/128GB Black
586,P30 Lite 4/128GB Breathing Crystal
587,P30 Lite 6/256GB Peacock Blue
588,P30 Pro 6/128GB Black (51093TFT)
589,P30 Pro 8/128GB Aurora
590,P30 Pro 8/256GB Black (51093NFN)
591,P30 Pro NEW EDITION 8/256GB Silver Frost
592,P40 8/128GB Black (51095EHY)
593,P40 Pro 8/256GB Silver Frost (51095CAL)
594,P40 Pro+ 8/512GB Black Ceramic
595,P40 Pro+ 8/512GB Black Ceramic
596,P40 lite 6/128GB Crush Green (51095CJX)
597,P40 lite E 4/64GB Midnight Black (51095DCE)
598,P600 Black
599,P600 Gold
600,P760 Black
601,P8 Prestige Gold
602,P8 Prestige Gold
603,POP 2F B1F 1/16GB Midnight Black (4895180746659)
604,POP 3 BB2 1/16GB DS Sandstone Black (4895180751288)
605,POP 4 BC2 2/32GB DS Ice Lake Green (4895180759420)
606,Pixel 128GB (Quite Black)
607,Pixel 2 128GB Just Black
608,Pixel 2 64GB Just Black
609,Pixel 2 XL 64GB Just Black
610,Pixel 3 4/128GB Just Black
611,Pixel 3 4/64GB Just Black
612,Pixel 3 XL 4/64GB Just Black
613,Pixel 32GB (Quite Black)
614,Pixel 3a 4/64GB Just Black
615,Pixel 3a XL 4/64GB Just Black
616,Pixel 4 6/64GB Just Black
617,Pixel 4 XL 6/128GB Just Black
618,Pixel 4 XL 6/64GB Oh So Orange
619,Pixel 4a 5G 6/128GB Just Black
620,Pixel 4a 6/128GB Just Black
621,Pixel 5 8/128GB Just Black
622,Pixel XL 128GB (Quite Black)
623,Pixel XL 128GB (Quite Black)
624,Poco F2 Pro 6/128GB Electric Purple
625,Poco M3 4/128GB Black
626,Poco M3 4/64GB Black
627,Poco X3 NFC 6/128GB Cobalt Blue
628,Poco X3 NFC 6/64GB Cobalt Blue
629,Pocophone F1 6/128GB Blue
630,Pop 4 Pro BC3 1/16GB Cosmic Shine
631,Power 6 4/64GB Black
632,Power 6 4/64GB Blue
633,Power 6 4/64GB Red
634,Power 6 4/64GB Red
635,Q 6/64GB Blue
636,Quest 4/64GB Black
637,RAZR 2019 XT200-1 Noir Black
638,RAZR 2019 XT2000-2 Noir Black
639,ROG Phone 3 Strix 12/128GB Black (90AI0031-M00010)
640,ROG Phone 3 ZS661KS 12/128GB Black (90AI0032-M00180)
641,ROG Phone 3 ZS661KS 12/256GB Black
642,ROG Phone 3 ZS661KS 12/512GB Black
643,ROG Phone 8/512GB DualSim Black
644,ROG Phone 8/512GB DualSim Black
645,ROG Phone 8/512GB DualSim Black
646,Redmi 10x 4G 4/128GB Blue
647,Redmi 10x 4G 6/128GB Blue
648,Redmi 4x 2/16GB Black
649,Redmi 4x 2/16GB Gold
650,Redmi 4x 4/64GB Black
651,Redmi 4x 4/64GB Gold
652,Redmi 5 3/32GB Black
653,Redmi 5 3/32GB Gold
654,Redmi 5 Plus 4/64GB Black
655,Redmi 5 Plus 4/64GB Gold
656,Redmi 5A 2/16GB Gold
657,Redmi 5A 3/32GB Gold
658,Redmi 5A 3/32GB Gray
659,Redmi 5A 3/32GB Gray
660,Redmi 6 3/32GB Black
661,Redmi 6 3/32GB Gold
662,Redmi 6 3/64GB Black
663,Redmi 6 3/64GB Gold
664,Redmi 6 3/64GB Gold
665,Redmi 6 4/64GB Black
666,Redmi 6 Pro 3/32GB Black
667,Redmi 6 Pro 4/64GB Black
668,Redmi 7 4/64GB Blue
669,Redmi 7 4/64GB Blue
670,Redmi 7a 2/16GB Black
671,Redmi 7a 3/32GB Black
672,Redmi 8 3/32GB Black
673,Redmi 8 4/64GB Blue
674,Redmi 8A 3/32GB Black
675,Redmi 8A 4/64GB Black
676,Redmi 9 3/32GB Grey NFC
677,Redmi 9 3/32GB Purple no NFC
678,Redmi 9 4/128GB Blue (no NFC)
679,Redmi 9 4/128GB Blue (no NFC)
680,Redmi 9 4/128GB Green (no NFC)
681,Redmi 9 4/128GB Green (no NFC)
682,Redmi 9 4/128GB Grey (no NFC)
683,Redmi 9 4/128GB Pink (no NFC)
684,Redmi 9 4/64GB Grey NFC
685,Redmi 9 4/64Gb Pink (no NFC)
686,Redmi 9 6/128GB Grey (no NFC)
687,Redmi 9A 2/32GB Granite Gray
688,Redmi 9C 2/32GB Midnight Gray
689,Redmi 9C 3/64GB Midnight Gray
690,Redmi 9C NFC 2/32GB Midnight Gray
691,Redmi 9C NFC 3/64GB Midnight Gray
692,Redmi 9T 4/128GB Twilight Blue
693,Redmi 9T 4/64GB Sunrise Orange
694,Redmi K30 6/128GB Purple
695,Redmi K30 8/128GB Purple
696,Redmi K30 8/256GB Red
697,Redmi K30 Pro 6/128GB White
698,Redmi Note 4 3/32GB (Gray)
699,Redmi Note 4 3/64GB (Gold)
700,Redmi Note 4 3/64GB (Gold)
701,Redmi Note 4x 3/32GB Black
702,Redmi Note 4x 4/64GB Black
703,Redmi Note 4x 4/64GB Gold
704,Redmi Note 5 3/32GB Black
705,Redmi Note 5 3/32GB Gold
706,Redmi Note 5 3/32GB Rose Gold
707,Redmi Note 5 4/64GB Gold
708,Redmi Note 6 Pro 3/32GB Blue
709,Redmi Note 6 Pro 4/64GB Blue
710,Redmi Note 6 Pro 4/64GB Rose Gold
711,Redmi Note 7 4/64GB Black
712,Redmi Note 8 3/32GB Blue
713,Redmi Note 8 4/128GB Black
714,Redmi Note 8 4/64GB Blue
715,Redmi Note 8 6/128GB Blue
716,Redmi Note 8 6/64GB White
717,Redmi Note 8 Pro 6/128GB Green
718,Redmi Note 8 Pro 6/64GB Green
719,Redmi Note 8 Pro 8/128GB White
720,Redmi Note 8T 3/32GB Grey
721,Redmi Note 8T 4/64GB Grey
722,Redmi Note 9 3/64GB Grey (no NFC)
723,Redmi Note 9 3/64GB Grey NFC
724,Redmi Note 9 4/128GB Grey NFC
725,Redmi Note 9 4/128GB White (no NFC)
726,Redmi Note 9 Pro 4/64GB Interstellar Grey
727,Redmi Note 9 Pro 6/128GB Grey
728,Redmi Note 9 Pro 6/64GB Green
729,Redmi Note 9S 4/64GB Grey
730,Redmi Note 9S 6/128GB Grey
731,Redmi Note 9T 4/128GB Nightfall Black
732,Redmi Note 9T 4/64GB Daybreak Purple
733,Reno 4 Lite 8/128GB Magic Blue
734,Reno 4 Pro 8/256GB Starry Night
735,Reno 6/256GB Ocean Green
736,Reno2 8/256GB Ocean Blue
737,Reno2 Z 8/128GB Black
738,Reno4 Z 5G 8/128GB Black
739,S1 1/8GB Black
740,S1 1/8GB Black
741,S1 Black
742,S260 Black
743,S31 Black
744,S40 3/32GB Black
745,S40 Lite 2/16GB Black
746,S40 Lite 2/16GB Black
747,S40 Lite 2/16GB Black
748,S40 Pro 4/64GB Black
749,S40 Pro 4/64GB Black
750,S42 Dual Black
751,S5 4/64GB Pink
752,S5 Pro 6/64GB Black
753,S5 Pro 6/64Gb Blue
754,S5 Pro 6/64Gb Gold
755,S52
756,S55 4/64GB Black
757,S561 3/32GB Black
758,S58 Pro 6/64GB Black
759,S60
760,S60 Lite 4/32GB Black
761,S60 Lite 4/32GB Black
762,S61 Black
763,S62 Pro
764,S68 Pro 6/128GB Black
765,S88 Pro 6/128GB Black
766,S90C 4/128GB Black
767,S90C 4/64GB Black
768,S90C 4/64GB Black
769,S90C 4/64GB Black
770,S90C 4/64GB GIFT Orange
771,S95 Pro 8/128GB Black
772,S95 Pro 8/256GB Mineral Black
773,S96 Pro 8/128GB Black
774,S96 Pro 8/128GB Green
775,S96 Pro 8/128GB Orange
776,Sense 55DC 16GB Black
777,Sense 55DC 16GB Gold
778,Sense 55DC 16GB Gold
779,Sense 55DC 16GB Gold
780,Sense 55S 16GB Black
781,Shine AS-5435 Blue
782,Smart Ultra Dark Gray
783,Spark 4 KC2 3/32GB Royal Purple
784,Spark 4 Lite 2/32GB Midnight Black (4895180754593)
785,Spark 5 Pro KD7 4/128GB DS Spark Orange
786,Spark 5 Pro KD7 4/64GB DS Spark Orange
787,Spark 6 Go KE5 2/32GB Aqua Blue (4895180762383)
788,Spark 6 Go KE5j 3/64GB Aqua Blue (4895180762918)
789,Spark 6 KE7 4/128GB Comet Black (4895180762079)
790,Spark 6 KE7 4/64GB Ocean Blue (4895180762024)
791,Surface Duo 6GB/256GB (TGM-00001)
792,T3 Pro 3/16GB Black
793,T3 Pro 3/16GB Black
794,U 6/128GB Black
795,U11 4/64GB Black 99HAMB075-00
796,U11 4/64GB White
797,U20 5G 8/256GB White
798,U3H 8/256GB Black
799,U3H 8/256GB Black
800,V10 6/128GB Dual Beach Gold
801,V20 8/128GB Midnight Jazz
802,V20 8/128GB Sunset Melody
803,V20 SE 8/128GB Gravity Black
804,V40 ThinQ 4/64GB Aurora Black
805,V50 ThinQ 5G 6/128GB Single Sim Black
806,V50S ThinQ 5G 8/256GB Aurora Black
807,V9 6/64GB Red
808,V9 6/64GB Red
809,Velvet 5G LM-G900EM 6/128GB Aurora Gray
810,WP1 4/64GB Black
811,WP2 4/64GB Black
812,WP2 4/64GB Gold
813,WP5 3/32GB Black
814,WP5 Pro 4/64GB Black
815,WP6 4/128GB Black
816,WP6 6/128GB Black
817,WP7 8/128GB Black
818,WP8 Pro 4/64GB Black
819,X 4/64GB Black
820,X Cover 4s G398F (SM-G398FZKD)
821,X Screen 16GB Single K500n White
822,X-TREME PQ39 ULTRA Black
823,X-TREME PQ39 ULTRA Black-Green
824,X-TREME PQ54 MAX
825,X-style S3500 sKai Black
826,X-treme PQ20 Black
827,X-treme PQ20 Black Orange
828,X-treme PQ20 Black Orange
829,X-treme PQ24 Black
830,X-treme PQ24 Black/Orange
831,X-treme PQ29 Black
832,X-treme PQ29 Black-Orange
833,X-treme PQ29 Black-Orange
834,X-treme PQ36 Black
835,X-treme PQ36 Orange
836,X-treme PQ39 Black
837,X-treme PQ52 Black-Orange
838,X-treme PQ53 Black
839,X-treme PQ54 Black (4827798865712)
840,X19 4/64GB Black
841,X2 Pro 8/128GB Lunar White
842,X20 Pro 6/128GB Black
843,X3 6/64GB Black
844,X3 8/64GB Black
845,X3 8/64GB Black
846,X50 5G 6/128GB Jungle Green
847,X50 8/128GB Frost Blue
848,X50 8/128GB Graze Black
849,X50 Pro 5G 8/128GB Green
850,X50 Pro 5G 8/256GB Rust Red
851,X50 Pro 8/256GB Alpha Grey
852,X60L Matte Black (6924351653118)
853,X7 Dual Sim 6/128GB Black
854,X7 Dual Sim 6/64GB Black
855,X90 1/16GB Black
856,X90 1/16GB Blue
857,X90 1/16GB Gold
858,X90 1/16GB Gold
859,X90L 3/16GB Green
860,X90L 3/16GB Purple
861,X90L 3/16GB Purple
862,X95 2/16GB Black
863,X95 2/16GB Green
864,X95 2/16GB Green
865,Xperia 1 II XQ-AT51 8/256GB Black
866,Xperia 1 II XQ-AT51 8/256GB Black
867,Xperia 1 II XQ-AT52 12/256GB Mirror Lake Green
868,Xperia 1 II XQ-AT52 8/256GB Purple
869,Xperia 1 J9110 Black
870,Xperia 10 I4113 Black
871,Xperia 10 II 4/128GB Mint
872,Xperia 5 II 8/128GB Black
873,Xperia 5 II 8/256GB Blue
874,Xperia 5 J9210 6/128GB Black
875,Xperia C5 Ultra Dual E5533 (Black)
876,Xperia XA1 Dual (G3112) Black
877,Xperia XA1 Dual (G3112) Black
878,Xperia XZ (Black)
879,Xperia XZ (Blue)
880,Xperia XZ (Blue)
881,Xperia XZ Dual F8332 (Black)
882,Xperia Z (Black)
883,Xperia Z5 Dual E6683 (White)
884,Xperia Z5 Premium E6853 (Black)
885,Xrover C 2/16GB Black
886,Y11 3/32GB Agate Red
887,Y15 4/64GB Aqua Blue
888,Y15 4/64GB Aqua Blue
889,Y15 4/64GB Burgundy Red
890,Y19 4/128GB Black
891,Y1S 2/32GB Black
892,Y1S 2/32GB Blue
893,Y20 4/64GB Nebula Blue
894,Y20 4/64GB Obsidian Black
895,Y30 4/64GB Black
896,Y30 4/64GB Blue
897,Y5 2019 2/16GB Black (51093SHA)
898,Y5 2019 2/16GB Black (51093SHA)
899,Y5 2019 2/16GB Brown (51093SHE)
900,Y5p 2/32GB Mint Green (51095MUB)
901,Y6 2019 DS Amber Brown (51093PMR)
902,Y6 2019 DS Amber Brown (51093PMR)
903,Y6 2019 DS Blue
904,Y6 2019 DS Blue
905,Y6 2019 DS Midnight Black (51093PMP)
906,Y6 Prime 2018 3/32GB Gold (51092MFF)
907,Y6 Prime 2018 3/32GB Gold (51092MFF)
908,Y6 Pro (Gold)
909,Y6p 3/64GB Midnight Black (51095KYP)
910,Y6s 3/32GB Orhid Blue (51094WBU)
911,Y6s 3/32GB Orhid Blue (51094WBU)
912,Y6s 3/32GB Starry Black (51094WBW)
913,Y7 2019 3/32GB Coral Red (51093HEW)
914,Y7 2019 3/32GB Coral Red (51093HEW)
915,Y7 Prime 2018 3/32GB Black (51092JHA)
916,Y9 Plus 4/64GB Black
917,Y9 Plus 4/64GB Blue
918,ZenFone Live ZB501KL Navy Black (ZB501KL-4A053A)
919,Zenfone 5 ZE620KL 4/64GB Blue (ZE620KL-1A012WW)
920,Zenfone 7 Pro ZS671KS 8/256GB Black
921,Zenfone 7 ZS670KS 8/128GB Black
922,iPhone 11 128GB Black (MWLE2)
923,iPhone 11 128GB Dual Sim Black (MWN72)
924,iPhone 11 128GB Slim Box Black (MHDH3)
925,iPhone 11 256GB Black (MWLL2)
926,iPhone 11 256GB Slim Box Black (MHDP3)
927,iPhone 11 64GB Black (MWLT2)
928,iPhone 11 64GB Dual Sim White (MWN12)
929,iPhone 11 64GB Slim Box Black (MHDA3)
930,iPhone 11 Pro 256GB Dual Sim Midnight Green (MWDH2)
931,iPhone 11 Pro 256GB Midnight Green (MWCQ2)
932,iPhone 11 Pro 512GB Dual Sim Silver (MWDK2)
933,iPhone 11 Pro 512GB Midnight Green (MWCV2)
934,iPhone 11 Pro 64GB Dual Sim Silver (MWDA2)
935,iPhone 11 Pro 64GB Space Gray (MWC22/MWCH2)
936,iPhone 11 Pro Max 256GB Dual Sim Gold (MWF32)
937,iPhone 11 Pro Max 256GB Midnight Green (MWH72)
938,iPhone 11 Pro Max 512GB Dual Sim Silver (MWF62)
939,iPhone 11 Pro Max 512GB Space Gray (MWH82)
940,iPhone 11 Pro Max 64GB Dual Sim Space Gray (MWEV2)
941,iPhone 11 Pro Max 64GB Dual Sim Space Gray (MWEV2)
942,iPhone 11 Pro Max 64GB Space Gray (MWGY2; MWHD2)
943,iPhone 12 128GB Black (MGJA3/MGHC3)
944,iPhone 12 128GB Dual Sim Black (MGGU3)
945,iPhone 12 256GB Black (MGJG3/MGHH3)
946,iPhone 12 256GB Dual Sim Black (MGH13)
947,iPhone 12 64GB Blue (MGJ83/MGH93)
948,iPhone 12 64GB Dual Sim (PRODUCT)RED (MGGP3)
949,iPhone 12 Pro 128GB Dual Sim Pacific Blue (MGLD3)
950,iPhone 12 Pro 128GB Pacific Blue (MGMN3/MGLR3)
951,iPhone 12 Pro 256GB Dual Sim Pacific Blue (MGLH3)
952,iPhone 12 Pro 256GB Pacific Blue (MGMT3/MGLW3)
953,iPhone 12 Pro 512GB Dual Sim Pacific Blue (MGLM3)
954,iPhone 12 Pro 512GB Pacific Blue (MGMX3/MGM43)
955,iPhone 12 Pro Max 128GB Dual Sim Graphite (MGC03)
956,iPhone 12 Pro Max 128GB Graphite (MGD73)
957,iPhone 12 Pro Max 256GB Dual Sim Pacific Blue (MGC73)
958,iPhone 12 Pro Max 256GB Pacific Blue (MGDF3)
959,iPhone 12 Pro Max 512GB Dual Sim Pacific Blue (MGCE3)
960,iPhone 12 Pro Max 512GB Pacific Blue (MGDL3)
961,iPhone 12 mini 128GB Black (MGE33)
962,iPhone 12 mini 256GB Black (MGE93)
963,iPhone 12 mini 64GB Black (MGDX3)
964,iPhone 5C 32GB (White)
965,iPhone 5C 8GB (White)
966,iPhone 5S 16GB Space Gray (ME432)
967,iPhone 5S 32GB (Space Gray)
968,iPhone 6 128GB (Gold)
969,iPhone 6 16GB Space Gray (MG472)
970,iPhone 6 32GB Space Grey (MQ3D2)
971,iPhone 6 64GB Space Gray (MG4F2)
972,iPhone 6 Plus 128GB (Space Gray)
973,iPhone 6 Plus 16GB (Silver)
974,iPhone 6 Plus 64GB Space Gray (MGAH2)
975,iPhone 6s 128GB Space Gray (MKQT2)
976,iPhone 6s 128GB Space Gray (MKQT2)
977,iPhone 6s 16GB Space Gray (MKQJ2)
978,iPhone 6s 32GB Space Gray (MN0W2)
979,iPhone 6s 64GB Space Gray (MKQN2)
980,iPhone 6s Plus 16GB Space Gray (MKU12)
981,iPhone 6s Plus 32GB Space Gray (MN2V2)
982,iPhone 6s Plus 64GB Space Gray (MKU62)
983,iPhone 7 128GB Jet Black (MN962)
984,iPhone 7 256GB Black (MN972)
985,iPhone 7 256GB Black (MN972)
986,iPhone 7 32GB Black (MN8X2)
987,iPhone 7 Plus 128GB Black (MN4M2)
988,iPhone 7 Plus 256GB Rose Gold (MN502)
989,iPhone 7 Plus 32GB Black (MNQM2)
990,iPhone 7 Plus 32GB Black (MNQM2)
991,iPhone 8 128GB Gold (MX182)
992,iPhone 8 256GB Space Gray (MQ7F2)
993,iPhone 8 64GB Space Gray (MQ6G2)
994,iPhone 8 Plus 128GB Gold (MX262)
995,iPhone 8 Plus 256GB Space Gray (MQ8G2)
996,iPhone 8 Plus 64GB Space Gray (MQ8L2)
997,iPhone SE 128GB Space Grey (MP862)
998,iPhone SE 16GB Space Gray (MLLN2)
999,iPhone SE 2020 128GB Black (MXD02/MXCW2)
1000,iPhone SE 2020 128GB Slim Box Black (MHGT3)
1001,iPhone SE 2020 256GB Black (MXVT2/MXVP2)
1002,iPhone SE 2020 256GB Slim Box White (MHGX3)
1003,iPhone SE 2020 64GB Black (MX9R2/MX9N2)
1004,iPhone SE 2020 64GB Slim Box Black (MHGP3)
1005,iPhone SE 32GB Space Grey (MP822)
1006,iPhone SE 64GB Space Gray (MLM62)
1007,iPhone SE 64GB Space Gray (MLM62)
1008,iPhone X 256GB Silver (MQAG2)
1009,iPhone X 64GB Space Gray (MQAC2)
1010,iPhone XR 128GB Black (MRY92)
1011,iPhone XR 128GB Slim Box Black (MH7L3)
1012,iPhone XR 256GB Black (MRYJ2)
1013,iPhone XR 64GB Black (MRY42)
1014,iPhone XR 64GB Slim Box Black (MH6M3)
1015,iPhone XR Dual Sim 128GB Black (MT192)
1016,iPhone XR Dual Sim 64GB Black (MT122)
1017,iPhone XS 256GB Gold (MT9K2)
1018,iPhone XS 512GB Silver (MT9M2)
1019,iPhone XS 64GB Space Gray (MT9E2)
1020,iPhone XS Max 256GB Gold (MT552)
1021,iPhone XS Max 512GB Space Gray (MT622)
1022,iPhone XS Max 64GB Gold (MT522)
1023,iPhone XS Max Dual Sim 64GB Gold (MT732)
1024,nova 5T 6/128GB Black (51094MEU)
1025,nubia Red Magic 5G 8/128GB Black
